folder,filename,filepath,key_concept,summary
270handout,270handout7 (1).pdf,270handout/270handout7 (1).pdf,Dynamic Programming,"This document covers two dynamic programming problems: the coin changing problem (finding the minimum number of coins to make a target sum) and the assembly-line scheduling problem (finding the shortest path through manufacturing stations), both focusing on breaking down complex optimization challenges into recursive subproblems."
270handout,270handout21.pdf,270handout/270handout21.pdf,Network Flow,"This document explores various graph problem transformations, demonstrating how different computational problems like Bipartite Matching, Circulations, Survey Design, and Baseball Elimination can be reduced to network flow problems to solve them efficiently in polynomial time."
270handout,270handout20.pdf,270handout/270handout20.pdf,Poly-Time Reductions,"This document discusses various polynomial-time reductions in computer science, specifically demonstrating how problems like Minimum Cut, Bipartite Matching, and Circulations can be solved efficiently by transforming them into network flow problems using algorithmic techniques."
270handout,270handout5 (1).pdf,270handout/270handout5 (1).pdf,Dynamic Programming,Dynamic Programming is a problem-solving technique that transforms recursive algorithms into iterative solutions by systematically breaking down complex problems into simpler subproblems and storing intermediate results to avoid redundant computations.
270handout,270handout22.pdf,270handout/270handout22.pdf,Graph Reduction,"This document discusses a project selection problem where the goal is to find the maximum-valued subset of projects while considering their prerequisites, using graph-based techniques and min-cut analysis to optimize project selection."
270handout,270handout10 (1).pdf,270handout/270handout10 (1).pdf,Greedy Algorithms,"This lecture notes discuss greedy algorithms, focusing on techniques for solving problems like all-pairs shortest paths and interval scheduling, with an emphasis on proving algorithm correctness through inductive reasoning and sequential decision-making."
270handout,270handout23.pdf,270handout/270handout23.pdf,NP-Completeness,"This document explores the concept of NP (Nondeterministic Polynomial Time) in computer science, discussing computational complexity, NP-complete problems like Circuit-SAT, and the fundamental question of whether P equals NP."
270handout,270handout15 (2).pdf,270handout/270handout15 (2).pdf,Optimal Caching,This document discusses an advanced caching optimization problem where the goal is to minimize cache misses by strategically deciding which items to remove from a cache with limited capacity when new items are requested.
270handout,270handout4 (1).pdf,270handout/270handout4 (1).pdf,Graph Connectivity,"This lecture on graph algorithms explores concepts of graph connectivity, directed acyclic graphs (DAGs), topological ordering, and related algorithmic challenges in graph theory."
270handout,270handout27.pdf,270handout/270handout27.pdf,NP-Completeness,"This lecture covers several computational complexity problems, including the Travelling Salesman Problem, Subset Sum, and graph coloring challenges with 3 and 4 colors, which involve finding specific solutions under given constraints."
270handout,270handout26.pdf,270handout/270handout26.pdf,NP-completeness,"This lecture discusses sequencing problems like the Travelling Salesman Problem and Longest Path, exploring the characteristics of NP-complete problems and highlighting that the complexity of a problem can vary significantly depending on its specific constraints."
270handout,270handout18 (1).pdf,270handout/270handout18 (1).pdf,Network Flow,This lecture covers two main algorithmic topics: sequence alignment (calculating edit distance between strings using dynamic programming and divide-and-conquer techniques) and network flow (exploring max-flow/min-cut problems using the Ford-Fulkerson algorithm and residual graph concepts).
270handout,270handout30.pdf,270handout/270handout30.pdf,PSPACE,"This lecture covers advanced computational complexity topics, including the Post Correspondence Problem (PCP), its connection to the Halting Problem, and an exploration of complexity classes like PSPACE, with a focus on demonstrating the undecidability of certain computational problems."
270handout,270handout24.pdf,270handout/270handout24.pdf,NP-Completeness,"This lecture discusses NP-Complete problems, focusing on 3-SAT, Independent Set, Set Packing, and k-Clique, while exploring their relationships and the broader implications for the P vs NP problem."
270handout,270handout25.pdf,270handout/270handout25.pdf,NP-Completeness,"This lecture discusses various NP-complete problems like Independent Set, Set Packing, k-Clique, and Hamiltonian Cycle, highlighting the complexity of these problems and the ongoing challenge of proving whether P equals NP."
270handout,270handout19.pdf,270handout/270handout19.pdf,Network Flow,"This document discusses network flow algorithms, specifically the Ford-Fulkerson method for finding the maximum flow in a weighted directed graph, including concepts like residual graphs, augmenting paths, and the max-flow min-cut theorem."
270handout,270handout14.pdf,270handout/270handout14.pdf,Greedy Algorithms,"This document discusses algorithmic approaches to two optimization problems: scheduling tasks to minimize lateness and optimal caching, exploring greedy algorithms and proof techniques for minimizing task tardiness and cache misses."
270handout,270handout28.pdf,270handout/270handout28.pdf,Halting Problem,"This document discusses theoretical computer science concepts including 3-D matching, the Halting Problem, the Barber Paradox, and the comparison of countable and uncountable infinite sets, highlighting fundamental challenges in computational theory and mathematical logic."
270handout,270handout29.pdf,270handout/270handout29.pdf,Undecidability,"This lecture explores the limits of computation by discussing the Halting Problem, countability, and using a proof by contradiction to demonstrate that certain computational problems are undecidable, specifically showing that no universal algorithm can determine whether an arbitrary computer program will halt or enter an infinite loop."
270handout,270handout8 (1).pdf,270handout/270handout8 (1).pdf,Dynamic Programming,"This document covers two dynamic programming algorithms in computer science: sequence alignment (edit distance between strings) and RNA secondary structure prediction, both focusing on efficiently solving optimization problems by breaking them down into smaller recursive subproblems."
270handout,270handout6.pdf,270handout/270handout6.pdf,Dynamic Programming,"This lecture notes discuss the Longest Increasing Subsequence (LIS) problem, exploring recursive approaches to finding the longest increasing subsequence in a given sequence of numbers, while also briefly touching on polynomial runtime algorithms and primality testing."
270handout,270handout2.pdf,270handout/270handout2.pdf,Amortized Runtime Analysis,"This lecture covers amortized runtime analysis, exploring the performance characteristics of list operations, binary counting, and minimum spanning tree algorithms like Kruskal's and Prim's, with a focus on understanding the average-case computational complexity of various algorithmic approaches."
270handout,270handout12.pdf,270handout/270handout12.pdf,Proof by Induction,"This document discusses common proof errors when attempting to prove the correctness of Prim's Algorithm, and provides a detailed, step-by-step correct proof methodology for demonstrating that the algorithm produces an optimal minimum spanning tree."
270handout,270handout13.pdf,270handout/270handout13.pdf,Proof Techniques,This document describes a classroom exercise for CSCI 270 where students practice creating and grading proofs for a greedy algorithm that forms study groups with a specific composition of students and course participants (CPs).
270handout,270handout1.pdf,270handout/270handout1.pdf,Algorithms,"This lecture introduces fundamental computer science concepts including algorithm design, problem-solving strategies, the famous person problem, stable matching algorithms, and the ethical considerations of algorithmic decision-making."
270handout,270handout11.pdf,270handout/270handout11.pdf,Greedy Algorithms,"This document discusses greedy algorithm design and proof techniques, specifically focusing on interval scheduling and minimum spanning trees, and provides a detailed template for proving the correctness of greedy algorithms using inductive reasoning."
270handout,270handout9 (1).pdf,270handout/270handout9 (1).pdf,Dynamic Programming,"This lecture notes discuss two dynamic programming algorithms: the Subset Sum problem for determining if a subset of integers can sum to a target value, and the Shortest Path problem (Bellman-Ford algorithm) for finding the minimum path length between nodes in a graph."
270handout,270handout17 (1).pdf,270handout/270handout17 (1).pdf,Divide and Conquer,"This lecture notes document covers three divide and conquer algorithms: All Pairs Shortest Paths, Integer Multiplication, and finding the Closest Points on a Plane, exploring their recursive strategies, base cases, runtime complexities, and potential optimizations."
270handout,270handout16 (1).pdf,270handout/270handout16 (1).pdf,Divide and Conquer,"This lecture on Divide and Conquer introduces the algorithmic technique of solving problems by recursively splitting them into smaller, independent subproblems, demonstrating its application through examples like counting inversions and explaining the Master Theorem for analyzing recurrence relations."
270handout,270handout3 (1).pdf,270handout/270handout3 (1).pdf,Union-Find,"This lecture notes document covers Union-Find data structures, Kruskal's algorithm for minimum spanning trees, sorting algorithm complexity (including comparison-based sorting lower bounds), and graph theory concepts like bipartite graphs."
270questions,270HW3.pdf,270questions/270HW3.pdf,Dynamic Programming,"This is a computer science homework assignment (CSCI 270) containing four algorithmic problem-solving challenges involving graph partitioning, dynamic programming for frog hopping, palindrome substring detection, and a game theory problem with a linked list."
270questions,270HW2.pdf,270questions/270HW2.pdf,Data Structures,"This homework assignment covers advanced data structure topics, including stack and queue operations, amortized runtime analysis, and an algorithm for sorting a k-sorted array."
270questions,270HW1.pdf,270questions/270HW1.pdf,Asymptotic Complexity,"This is a computer science homework assignment (CSCI 270) containing four problems that cover topics in algorithm complexity, big O notation, mathematical proofs, and graph theory, focusing on analyzing function growth, proving mathematical claims, and solving theoretical problems."
270questions,270HW5.pdf,270questions/270HW5.pdf,Greedy Algorithm,"This is a computer science homework assignment (CSCI 270 Homework #5) presenting three algorithmic problem-solving challenges involving task scheduling, homework point optimization, and balloon shooting strategy, with an emphasis on applying greedy or dynamic programming approaches."
270questions,270HW4.pdf,270questions/270HW4.pdf,Dynamic Programming,"This is a computer science homework assignment (CSCI 270) containing four dynamic programming and greedy algorithm problems involving binary search trees, potion mixing, road trip gas station optimization, and coin denomination challenges."
270questions,270HW6.pdf,270questions/270HW6.pdf,Divide-and-Conquer,"This is a computer science homework assignment (CSCI 270) with four algorithmic problem-solving questions focusing on divide-and-conquer techniques, runtime analysis, and algorithm design across various computational scenarios."
270questions,270HW7.pdf,270questions/270HW7.pdf,Flow Networks,"This is a computer science homework assignment (CSCI 270) containing four algorithmic problem-solving questions related to flow networks, seating arrangements, student program assignments, and student identification."
270questions,270HW9.pdf,270questions/270HW9.pdf,NP-Completeness,"This document presents four complex computational problems (Traveling Hulk, Frequency Allocation, Star Lord, and Triangle-Free Vertex Cover) with detailed descriptions and a request to prove their NP-Completeness, likely as part of a computer science algorithms or complexity theory homework assignment."
270questions,270HW8.pdf,270questions/270HW8.pdf,NP-Completeness,"This is a computer science homework assignment focusing on computational complexity, specifically exploring problems like k-Flow, NP-completeness, network flow, and various complexity-related true/false questions across graph theory and algorithmic problem solving."
